{"stat.pickup.minecraft.rotten_flesh":1,"stat.flyOneCm":9815,"stat.pickup.minecraft.diamond_sword":1,"stat.walkOneCm":10445,"stat.jump":72,"stat.mineBlock.minecraft.leaves":1,"stat.playerKills":1,"stat.playOneMinute":3413,"stat.fallOneCm":2105,"stat.leaveGame":1,"stat.damageTaken":87,"stat.damageDealt":178,"stat.timeSinceDeath":3413,"stat.pickup.minecraft.sapling":1,"stat.pickup.minecraft.dirt":1,"stat.sprintOneCm":10801,"stat.mineBlock.minecraft.dirt":1,"stat.useItem.minecraft.stone_slab2":1,"stat.useItem.minecraft.diamond_sword":2}