{"stat.pickup.minecraft.log":6,"stat.flyOneCm":3704,"stat.walkOneCm":11842,"stat.jump":81,"stat.mineBlock.minecraft.leaves":2,"stat.playOneMinute":5412,"stat.fallOneCm":627,"stat.craftItem.minecraft.planks":24,"stat.leaveGame":2,"stat.sneakTime":175,"stat.pickup.minecraft.crafting_table":1,"stat.damageDealt":2,"stat.crouchOneCm":620,"stat.timeSinceDeath":5412,"stat.sprintOneCm":7261,"stat.useItem.minecraft.stone_slab2":1,"stat.mineBlock.minecraft.log":6,"stat.pickup.minecraft.planks":46,"stat.craftItem.minecraft.stick":4,"stat.craftingTableInteraction":1}