{"stat.pickup.techguns.itemshared":192,"stat.walkOneCm":73800,"stat.playerKills":3,"stat.leaveGame":2,"stat.pickup.techguns.t3_miner_chestplate":1,"stat.pickup.minecraft.stonebrick":1,"stat.pickup.minecraft.carpet":3,"stat.useItem.techguns.miningdrill":51,"stat.mineBlock.minecraft.coal_ore":14,"stat.swimOneCm":1329,"stat.jump":417,"stat.pickup.techguns.t3_miner_leggings":2,"stat.pickup.minecraft.coal":4,"stat.fallOneCm":71159,"stat.climbOneCm":160,"stat.useItem.tombstone.gift":1,"stat.pickup.minecraft.stone":92,"stat.crouchOneCm":1065,"stat.entityKilledBy.techguns.Bandit":1,"stat.pickup.techguns.scatterbeamrifle":1,"stat.pickup.minecraft.dirt":67,"stat.useItem.minecraft.dirt":4,"stat.sprintOneCm":37764,"stat.pickup.minecraft.iron_ore":3,"stat.pickup.minecraft.sand":3,"stat.killEntity.techguns.Bandit":1,"stat.damageTaken":2555,"stat.killEntity.Spider":1,"stat.killEntity.techguns.ZombieMiner":1,"stat.mobKills":2,"stat.pickup.minecraft.cobblestone":204,"stat.entityKilledBy.techguns.ZombieSoldier":1,"stat.flyOneCm":67321,"stat.deaths":11,"stat.mineBlock.minecraft.snow_layer":8,"tombstone:undead_killed":1,"stat.mineBlock.minecraft.sand":2,"stat.playOneMinute":31660,"stat.pickup.techguns.t3_miner_helmet":2,"stat.pickup.techguns.t3_miner_boots":1,"stat.sneakTime":1389,"stat.damageDealt":75,"stat.mineBlock.minecraft.iron_ore":3,"stat.pickup.minecraft.snowball":19,"stat.timeSinceDeath":3019,"stat.mineBlock.minecraft.dirt":40,"stat.mineBlock.minecraft.stone":352,"stat.diveOneCm":13081,"stat.pickup.techguns.flamethrower":1}