{"stat.pickup.minecraft.sand":2,"stat.pickup.techguns.itemshared":192,"stat.walkOneCm":35346,"stat.playerKills":2,"stat.leaveGame":2,"stat.killEntity.techguns.Bandit":1,"stat.damageTaken":1730,"stat.killEntity.Spider":1,"stat.pickup.minecraft.carpet":3,"stat.pickup.minecraft.cobblestone":8,"stat.mobKills":1,"stat.entityKilledBy.techguns.ZombieSoldier":1,"stat.flyOneCm":56903,"stat.deaths":8,"stat.jump":286,"stat.swimOneCm":353,"stat.mineBlock.minecraft.sand":2,"stat.playOneMinute":19960,"stat.pickup.techguns.t3_miner_leggings":1,"stat.fallOneCm":14617,"stat.climbOneCm":160,"stat.useItem.tombstone.gift":1,"stat.sneakTime":1332,"stat.damageDealt":75,"stat.pickup.minecraft.stone":1,"stat.crouchOneCm":878,"stat.timeSinceDeath":1908,"stat.pickup.minecraft.snowball":1,"stat.entityKilledBy.techguns.Bandit":1,"stat.pickup.techguns.scatterbeamrifle":1,"stat.pickup.minecraft.dirt":31,"stat.useItem.minecraft.dirt":4,"stat.sprintOneCm":34320,"stat.mineBlock.minecraft.dirt":10,"stat.diveOneCm":13081}