{"stat.pickup.techguns.itemshared":192,"stat.walkOneCm":84253,"stat.playerKills":3,"stat.pickup.techguns.ballistic_shield":1,"stat.leaveGame":3,"stat.pickup.techguns.t3_miner_chestplate":1,"stat.pickup.minecraft.stonebrick":1,"stat.pickup.minecraft.carpet":3,"stat.useItem.techguns.miningdrill":135,"stat.mineBlock.minecraft.coal_ore":14,"stat.swimOneCm":6020,"stat.jump":459,"stat.pickup.techguns.t3_miner_leggings":2,"stat.pickup.minecraft.coal":4,"stat.fallOneCm":74861,"stat.climbOneCm":160,"stat.useItem.techguns.block_milk":16,"stat.useItem.tombstone.gift":1,"stat.pickup.minecraft.stone":194,"stat.crouchOneCm":3034,"stat.entityKilledBy.techguns.Bandit":1,"stat.pickup.techguns.scatterbeamrifle":1,"stat.pickup.minecraft.dirt":72,"stat.useItem.minecraft.dirt":4,"stat.sprintOneCm":37886,"stat.useItem.minecraft.stone_slab2":81,"stat.pickup.minecraft.iron_ore":7,"stat.pickup.minecraft.sand":3,"stat.useItem.minecraft.snowball":7,"stat.killEntity.techguns.Bandit":1,"stat.damageTaken":2639,"stat.killEntity.Spider":1,"stat.killEntity.techguns.ZombieMiner":1,"stat.mobKills":2,"stat.pickup.minecraft.cobblestone":453,"stat.entityKilledBy.techguns.ZombieSoldier":1,"stat.flyOneCm":92847,"stat.deaths":12,"stat.mineBlock.minecraft.snow_layer":8,"tombstone:undead_killed":1,"stat.pickup.techguns.t2_commando_helmet":1,"stat.mineBlock.minecraft.sand":2,"stat.playOneMinute":49520,"stat.pickup.techguns.t3_miner_helmet":3,"stat.pickup.techguns.t3_miner_boots":1,"stat.mineBlock.minecraft.redstone_ore":7,"stat.sneakTime":2945,"stat.damageDealt":75,"stat.pickup.minecraft.redstone":33,"stat.mineBlock.minecraft.iron_ore":7,"stat.pickup.minecraft.snowball":19,"stat.timeSinceDeath":15090,"stat.pickup.techguns.t2_commando_boots":1,"stat.mineBlock.minecraft.dirt":40,"stat.mineBlock.minecraft.stone":705,"stat.diveOneCm":13332,"stat.pickup.techguns.flamethrower":1}