{"stat.pickup.techguns.itemshared":192,"stat.walkOneCm":84018,"stat.playerKills":3,"stat.leaveGame":2,"stat.pickup.techguns.t3_miner_chestplate":1,"stat.pickup.minecraft.stonebrick":1,"stat.pickup.minecraft.carpet":3,"stat.useItem.techguns.miningdrill":135,"stat.mineBlock.minecraft.coal_ore":14,"stat.swimOneCm":1948,"stat.jump":448,"stat.pickup.techguns.t3_miner_leggings":2,"stat.pickup.minecraft.coal":4,"stat.fallOneCm":74861,"stat.climbOneCm":160,"stat.useItem.techguns.block_milk":4,"stat.useItem.tombstone.gift":1,"stat.pickup.minecraft.stone":194,"stat.crouchOneCm":3034,"stat.entityKilledBy.techguns.Bandit":1,"stat.pickup.techguns.scatterbeamrifle":1,"stat.pickup.minecraft.dirt":72,"stat.useItem.minecraft.dirt":4,"stat.sprintOneCm":37764,"stat.useItem.minecraft.stone_slab2":44,"stat.pickup.minecraft.iron_ore":7,"stat.pickup.minecraft.sand":3,"stat.useItem.minecraft.snowball":7,"stat.killEntity.techguns.Bandit":1,"stat.damageTaken":2639,"stat.killEntity.Spider":1,"stat.killEntity.techguns.ZombieMiner":1,"stat.mobKills":2,"stat.pickup.minecraft.cobblestone":453,"stat.entityKilledBy.techguns.ZombieSoldier":1,"stat.flyOneCm":71270,"stat.deaths":12,"stat.mineBlock.minecraft.snow_layer":8,"tombstone:undead_killed":1,"stat.mineBlock.minecraft.sand":2,"stat.playOneMinute":44260,"stat.pickup.techguns.t3_miner_helmet":3,"stat.pickup.techguns.t3_miner_boots":1,"stat.mineBlock.minecraft.redstone_ore":7,"stat.sneakTime":2901,"stat.damageDealt":75,"stat.pickup.minecraft.redstone":33,"stat.mineBlock.minecraft.iron_ore":7,"stat.pickup.minecraft.snowball":19,"stat.timeSinceDeath":9830,"stat.mineBlock.minecraft.dirt":40,"stat.mineBlock.minecraft.stone":705,"stat.diveOneCm":13081,"stat.pickup.techguns.flamethrower":1}