{"stat.walkOneCm":16209,"stat.craftItem.minecraft.planks":24,"stat.leaveGame":3,"stat.pickup.minecraft.crafting_table":1,"stat.damageTaken":98,"stat.mineBlock.minecraft.log":6,"stat.pickup.minecraft.planks":46,"stat.pickup.minecraft.log":6,"stat.flyOneCm":6055,"stat.jump":93,"stat.mineBlock.minecraft.leaves":2,"stat.playOneMinute":6820,"stat.fallOneCm":836,"stat.useItem.minecraft.planks":1,"stat.sneakTime":188,"stat.damageDealt":2,"stat.crouchOneCm":620,"stat.timeSinceDeath":6820,"stat.sprintOneCm":11570,"stat.useItem.minecraft.stone_slab2":1,"stat.craftItem.minecraft.stick":4,"stat.craftingTableInteraction":1}