{"stat.flyOneCm":2708,"stat.walkOneCm":6409,"stat.pickup.minecraft.wheat_seeds":3,"stat.jump":43,"stat.playOneMinute":2277,"stat.fallOneCm":1454,"stat.pickup.minecraft.iron_ingot":1,"stat.pickup.minecraft.beef":2,"stat.killEntity.Chicken":1,"stat.damageTaken":170,"stat.pickup.minecraft.feather":2,"stat.pickup.minecraft.leather":1,"stat.damageDealt":190,"stat.pickup.minecraft.chicken":1,"stat.timeSinceDeath":2277,"stat.killEntity.Cow":1,"stat.sprintOneCm":2422,"stat.mobKills":2,"stat.mineBlock.minecraft.tallgrass":4}