{"stat.killEntity.techguns.SkeletonSoldier":5,"stat.pickup.techguns.itemshared":1984,"stat.walkOneCm":77202,"stat.pickup.minecraft.bone":4,"stat.playerKills":4,"stat.pickup.minecraft.redstone_torch":3,"stat.pickup.minecraft.sign":1,"stat.leaveGame":7,"stat.pickup.techguns.t3_miner_chestplate":2,"stat.pickup.minecraft.arrow":2,"stat.pickup.minecraft.stonebrick":1,"stat.pickup.minecraft.carpet":7,"stat.killEntity.ZombieVillager":1,"stat.killEntity.Creeper":3,"stat.pickup.techguns.thompson":2,"stat.useItem.minecraft.diamond_sword":19,"stat.pickup.techguns.netherblaster":1,"stat.jump":651,"stat.swimOneCm":97,"stat.pickup.techguns.t3_miner_leggings":1,"stat.pickup.minecraft.coal":11,"stat.fallOneCm":123538,"stat.pickup.minecraft.iron_ingot":3,"stat.climbOneCm":32,"stat.pickup.tombstone.crafting_ingredient":1,"stat.killEntity.techguns.ZombieSoldier":1,"stat.drop.minecraft.diamond_sword":1,"stat.pickup.minecraft.gunpowder":6,"stat.pickup.minecraft.stone":13,"stat.useItem.techguns.combatknife":18,"stat.crouchOneCm":289,"stat.pickup.minecraft.tipped_arrow":2,"stat.pickup.minecraft.sapling":1,"stat.pickup.minecraft.dirt":9,"stat.sprintOneCm":38612,"stat.pickup.minecraft.apple":7,"stat.killEntity.Stray":3,"stat.pickup.minecraft.rotten_flesh":3,"stat.killEntity.Skeleton":1,"stat.pickup.techguns.grenadelauncher":1,"stat.killEntity.techguns.Bandit":1,"stat.damageTaken":2003,"stat.killEntity.Spider":2,"stat.pickup.minecraft.bread":1,"stat.killEntity.techguns.ZombieMiner":5,"stat.mobKills":40,"stat.pickup.minecraft.cobblestone":55,"stat.drop.minecraft.tipped_arrow":1,"stat.flyOneCm":380125,"stat.pickup.minecraft.bed":1,"stat.deaths":6,"tombstone:undead_killed":23,"stat.drop":3,"stat.playOneMinute":65650,"stat.pickup.techguns.t1_miner_chestplate":1,"tombstone:villager_killed":1,"stat.pickup.minecraft.torch":2,"stat.pickup.techguns.t3_miner_helmet":1,"stat.drop.techguns.flamethrower":1,"stat.pickup.techguns.t3_miner_boots":2,"stat.pickup.minecraft.cactus":2,"stat.sneakTime":477,"stat.killEntity.techguns.ZombieFarmer":4,"stat.killEntity.Villager":1,"stat.damageDealt":1916,"stat.killEntity.Rabbit":7,"stat.killEntity.Zombie":3,"stat.timeSinceDeath":1782,"stat.pickup.minecraft.snowball":2,"stat.diveOneCm":2925,"stat.pickup.minecraft.wheat":2}