{"stat.killEntity.techguns.SkeletonSoldier":1,"stat.pickup.techguns.itemshared":3,"stat.walkOneCm":28897,"stat.playerKills":1,"stat.leaveGame":7,"stat.pickup.minecraft.arrow":1,"stat.killEntity.Creeper":3,"stat.useItem.minecraft.diamond_sword":3,"stat.jump":290,"stat.fallOneCm":3461,"stat.pickup.minecraft.iron_ingot":3,"stat.pickup.tombstone.crafting_ingredient":1,"stat.drop.minecraft.diamond_sword":1,"stat.pickup.minecraft.gunpowder":2,"stat.crouchOneCm":128,"stat.pickup.minecraft.tipped_arrow":2,"stat.pickup.minecraft.sapling":1,"stat.pickup.minecraft.dirt":1,"stat.sprintOneCm":24738,"stat.pickup.minecraft.apple":4,"stat.killEntity.Stray":2,"stat.pickup.minecraft.rotten_flesh":2,"stat.killEntity.Skeleton":1,"stat.pickup.techguns.grenadelauncher":1,"stat.damageTaken":321,"stat.killEntity.Spider":1,"stat.pickup.minecraft.bread":1,"stat.killEntity.techguns.ZombieMiner":4,"stat.mobKills":24,"stat.pickup.minecraft.cobblestone":1,"stat.drop.minecraft.tipped_arrow":1,"stat.flyOneCm":217167,"stat.deaths":1,"tombstone:undead_killed":12,"stat.drop":2,"stat.playOneMinute":41350,"stat.pickup.techguns.t1_miner_chestplate":1,"stat.sneakTime":203,"stat.killEntity.techguns.ZombieFarmer":2,"stat.damageDealt":329,"stat.killEntity.Rabbit":6,"stat.killEntity.Zombie":2,"stat.timeSinceDeath":36901,"stat.pickup.minecraft.wheat":2}