{"stat.pickup.techguns.itemshared":2,"stat.walkOneCm":41365,"stat.useItem.minecraft.torch":1,"stat.mineBlock.minecraft.cobblestone":1,"stat.useItem.minecraft.cobblestone":5,"stat.craftItem.minecraft.crafting_table":1,"stat.mineBlock.minecraft.coal_ore":20,"stat.pickup.minecraft.log":5,"stat.jump":320,"stat.pickup.minecraft.coal":20,"stat.fallOneCm":7639,"stat.pickup.minecraft.iron_ingot":1,"stat.pickup.minecraft.beef":17,"stat.pickup.minecraft.chicken":3,"stat.craftItem.minecraft.torch":4,"stat.pickup.minecraft.sapling":1,"stat.pickup.minecraft.dirt":12,"stat.useItem.minecraft.dirt":11,"stat.sprintOneCm":21987,"stat.useItem.minecraft.stone_slab2":3,"stat.pickup.minecraft.apple":1,"stat.craftItem.minecraft.stick":8,"stat.craftItem.minecraft.wooden_axe":1,"stat.craftingTableInteraction":3,"stat.pickup.minecraft.rotten_flesh":1,"stat.craftItem.minecraft.planks":20,"stat.killEntity.Chicken":3,"stat.damageTaken":270,"stat.pickup.minecraft.feather":5,"stat.pickup.minecraft.leather":6,"stat.mineBlock.minecraft.red_flower":1,"stat.craftItem.minecraft.stone_pickaxe":1,"stat.mineBlock.minecraft.torch":1,"stat.useItem.minecraft.wooden_pickaxe":12,"stat.pickup.minecraft.cobblestone":19,"stat.mobKills":10,"stat.mineBlock.minecraft.log":5,"stat.flyOneCm":26031,"stat.deaths":1,"stat.pickup.minecraft.wheat_seeds":4,"stat.mineBlock.minecraft.leaves":24,"stat.playOneMinute":13977,"stat.pickup.minecraft.torch":1,"stat.useItem.minecraft.stone_pickaxe":27,"stat.damageDealt":820,"stat.timeSinceDeath":7409,"stat.pickup.minecraft.yellow_flower":1,"stat.killEntity.Cow":7,"stat.mineBlock.minecraft.dirt":12,"stat.craftItem.minecraft.wooden_pickaxe":1,"stat.mineBlock.minecraft.stone":18,"stat.mineBlock.minecraft.tallgrass":30}