{"stat.leaveGame":5,"stat.drop.techguns.t1_miner_helmet":1,"stat.mineBlock.minecraft.cobblestone":8,"stat.pickup.minecraft.stone_pickaxe":1,"stat.entityKilledBy.techguns.ZombieMiner":5,"stat.entityKilledBy.techguns.ZombieFarmer":2,"stat.swimOneCm":1985,"stat.pickup.minecraft.porkchop":3,"stat.useItem.minecraft.dirt":33,"stat.useItem.minecraft.stone_slab2":107,"stat.pickup.minecraft.rotten_flesh":5,"stat.craftItem.minecraft.furnace":3,"stat.killEntity.artifacts.mimic":1,"stat.craftItem.minecraft.stone_axe":2,"stat.craftItem.minecraft.stone_pickaxe":3,"stat.pickup.minecraft.cobblestone":247,"stat.pickup.minecraft.wooden_hoe":2,"stat.flyOneCm":247470,"stat.killEntity.techguns.ZombieFarmer":16,"stat.pickup.minecraft.redstone":5,"stat.mineBlock.minecraft.iron_ore":8,"stat.timeSinceDeath":45999,"stat.useItem.minecraft.sign":1,"stat.craftItem.minecraft.wooden_pickaxe":1,"stat.craftItem.minecraft.stonebrick":144,"stat.pickup.minecraft.stonebrick":1,"stat.furnaceInteraction":21,"stat.mineBlock.minecraft.coal_ore":43,"stat.killEntity.Creeper":1,"stat.pickup.minecraft.string":1,"stat.pickup.minecraft.beef":31,"stat.pickup.tombstone.crafting_ingredient":8,"stat.craftItem.minecraft.stone_slab2":0,"stat.sprintOneCm":149756,"stat.craftItem.minecraft.stick":20,"stat.craftItem.minecraft.wooden_axe":1,"stat.pickup.tombstone.magic_scroll":1,"stat.craftItem.minecraft.stone":196,"stat.useItem.minecraft.flint_and_steel":5,"stat.mineBlock.minecraft.crafting_table":1,"stat.useItem.minecraft.beef":2,"stat.deaths":8,"stat.drop":2,"stat.playOneMinute":117634,"stat.pickup.techguns.t1_miner_helmet":3,"stat.killEntity.Zombie":6,"stat.mineBlock.minecraft.tallgrass":490,"stat.pickup.minecraft.wheat":62,"stat.craftItem.minecraft.sign":3,"stat.useItem.minecraft.stone":50,"stat.jump":1424,"stat.useItem.minecraft.wooden_hoe":12,"stat.pickup.minecraft.coal":50,"stat.fallOneCm":41514,"stat.pickup.minecraft.iron_ingot":5,"stat.useItem.minecraft.stone_axe":110,"stat.pickup.minecraft.gunpowder":12,"stat.crouchOneCm":4049,"stat.craftItem.minecraft.torch":8,"stat.pickup.minecraft.dirt":75,"stat.craftingTableInteraction":10,"stat.pickup.minecraft.iron_ore":8,"stat.pickup.minecraft.wooden_pickaxe":1,"stat.damageTaken":3024,"stat.pickup.minecraft.feather":5,"stat.pickup.minecraft.leather":16,"stat.mineBlock.minecraft.red_flower":2,"stat.mineBlock.minecraft.torch":10,"stat.killEntity.techguns.ZombieMiner":16,"stat.useItem.minecraft.wooden_pickaxe":59,"stat.useItem.minecraft.furnace":1,"tombstone:undead_killed":39,"stat.pickup.minecraft.wheat_seeds":63,"stat.pickup.techguns.t1_miner_chestplate":2,"stat.useItem.minecraft.stone_pickaxe":299,"stat.damageDealt":10271,"stat.killEntity.Cow":15,"stat.mineBlock.minecraft.dirt":69,"stat.pickup.artifacts.obsidian_skull":1,"stat.killEntity.Pig":1,"stat.drop.techguns.itemshared":1,"stat.pickup.techguns.itemshared":7,"stat.walkOneCm":278788,"stat.useItem.minecraft.torch":13,"stat.pickup.minecraft.stick":3,"stat.pickup.techguns.t1_miner_boots":3,"stat.useItem.minecraft.cobblestone":8,"stat.craftItem.minecraft.crafting_table":2,"stat.mineBlock.minecraft.double_plant":11,"stat.pickup.minecraft.iron_hoe":1,"stat.pickup.minecraft.log":14,"stat.useItem.tombstone.gift":1,"stat.pickup.minecraft.stone":91,"stat.pickup.minecraft.chicken":3,"stat.pickup.minecraft.sapling":1,"stat.pickup.minecraft.wooden_door":2,"stat.pickup.minecraft.apple":3,"stat.killEntity.Skeleton":1,"stat.mineBlock.minecraft.stonebrick":1,"stat.craftItem.minecraft.planks":36,"stat.killEntity.Chicken":3,"stat.killEntity.Spider":1,"stat.pickup.minecraft.bread":2,"stat.mobKills":62,"stat.useItem.minecraft.stonebrick":62,"stat.mineBlock.minecraft.log":14,"stat.craftItem.minecraft.wooden_door":3,"stat.useItem.minecraft.wooden_door":3,"stat.mineBlock.minecraft.leaves":27,"stat.pickup.minecraft.torch":10,"stat.pickup.minecraft.red_flower":1,"stat.sneakTime":1289,"stat.useItem.minecraft.wooden_axe":31,"stat.pickup.minecraft.yellow_flower":2,"stat.mineBlock.minecraft.stone":291}