{"stat.pickup.techguns.itemshared":3,"stat.walkOneCm":99062,"stat.useItem.minecraft.torch":4,"stat.craftItem.minecraft.sign":3,"stat.mineBlock.minecraft.cobblestone":1,"stat.useItem.minecraft.cobblestone":8,"stat.craftItem.minecraft.crafting_table":1,"stat.entityKilledBy.techguns.ZombieMiner":3,"stat.mineBlock.minecraft.coal_ore":20,"stat.pickup.minecraft.log":9,"stat.jump":552,"stat.entityKilledBy.techguns.ZombieFarmer":1,"stat.pickup.minecraft.coal":23,"stat.fallOneCm":12539,"stat.pickup.minecraft.iron_ingot":2,"stat.pickup.minecraft.beef":17,"stat.useItem.tombstone.gift":1,"stat.pickup.tombstone.crafting_ingredient":2,"stat.useItem.minecraft.stone_axe":6,"stat.pickup.minecraft.stone":5,"stat.pickup.minecraft.gunpowder":3,"stat.pickup.minecraft.chicken":3,"stat.crouchOneCm":3850,"stat.craftItem.minecraft.torch":4,"stat.pickup.minecraft.sapling":1,"stat.pickup.minecraft.dirt":59,"stat.useItem.minecraft.dirt":11,"stat.sprintOneCm":44689,"stat.useItem.minecraft.stone_slab2":7,"stat.pickup.minecraft.apple":2,"stat.craftItem.minecraft.stick":16,"stat.craftItem.minecraft.wooden_axe":1,"stat.pickup.tombstone.magic_scroll":1,"stat.craftingTableInteraction":5,"stat.pickup.minecraft.rotten_flesh":2,"stat.killEntity.Skeleton":1,"stat.craftItem.minecraft.planks":36,"stat.killEntity.Chicken":3,"stat.craftItem.minecraft.stone_axe":1,"stat.pickup.minecraft.wooden_pickaxe":1,"stat.damageTaken":1571,"stat.pickup.minecraft.feather":5,"stat.pickup.minecraft.leather":6,"stat.killEntity.Spider":1,"stat.mineBlock.minecraft.red_flower":1,"stat.craftItem.minecraft.stone_pickaxe":1,"stat.mineBlock.minecraft.torch":1,"stat.killEntity.techguns.ZombieMiner":4,"stat.useItem.minecraft.wooden_pickaxe":12,"stat.pickup.minecraft.cobblestone":106,"stat.mobKills":25,"stat.mineBlock.minecraft.log":9,"stat.craftItem.minecraft.wooden_door":3,"stat.useItem.minecraft.wooden_door":1,"stat.flyOneCm":59468,"stat.deaths":5,"tombstone:undead_killed":14,"stat.pickup.minecraft.wheat_seeds":11,"stat.mineBlock.minecraft.leaves":26,"stat.playOneMinute":26577,"stat.pickup.minecraft.torch":1,"stat.useItem.minecraft.stone_pickaxe":127,"stat.sneakTime":1047,"stat.killEntity.techguns.ZombieFarmer":6,"stat.damageDealt":3348,"stat.killEntity.Zombie":3,"stat.timeSinceDeath":3615,"stat.useItem.minecraft.wooden_axe":31,"stat.pickup.minecraft.yellow_flower":1,"stat.killEntity.Cow":7,"stat.mineBlock.minecraft.dirt":59,"stat.craftItem.minecraft.wooden_pickaxe":1,"stat.mineBlock.minecraft.stone":110,"stat.mineBlock.minecraft.tallgrass":32,"stat.pickup.minecraft.wheat":7}