{"stat.killEntity.techguns.SkeletonSoldier":2,"stat.pickup.techguns.itemshared":1923,"stat.walkOneCm":48727,"stat.pickup.minecraft.bone":4,"stat.playerKills":3,"stat.pickup.minecraft.redstone_torch":3,"stat.pickup.minecraft.sign":1,"stat.leaveGame":7,"stat.pickup.minecraft.arrow":2,"stat.pickup.minecraft.stonebrick":1,"stat.pickup.minecraft.carpet":7,"stat.killEntity.ZombieVillager":1,"stat.killEntity.Creeper":3,"stat.pickup.techguns.thompson":2,"stat.useItem.minecraft.diamond_sword":3,"stat.jump":465,"stat.swimOneCm":97,"stat.fallOneCm":19129,"stat.pickup.minecraft.iron_ingot":3,"stat.climbOneCm":32,"stat.pickup.tombstone.crafting_ingredient":1,"stat.drop.minecraft.diamond_sword":1,"stat.pickup.minecraft.gunpowder":5,"stat.pickup.minecraft.stone":1,"stat.useItem.techguns.combatknife":18,"stat.crouchOneCm":262,"stat.pickup.minecraft.tipped_arrow":2,"stat.pickup.minecraft.sapling":1,"stat.pickup.minecraft.dirt":3,"stat.sprintOneCm":32273,"stat.pickup.minecraft.apple":7,"stat.killEntity.Stray":3,"stat.pickup.minecraft.rotten_flesh":3,"stat.killEntity.Skeleton":1,"stat.pickup.techguns.grenadelauncher":1,"stat.killEntity.techguns.Bandit":1,"stat.damageTaken":920,"stat.killEntity.Spider":2,"stat.pickup.minecraft.bread":1,"stat.killEntity.techguns.ZombieMiner":5,"stat.mobKills":35,"stat.pickup.minecraft.cobblestone":3,"stat.drop.minecraft.tipped_arrow":1,"stat.flyOneCm":323174,"stat.pickup.minecraft.bed":1,"stat.deaths":3,"tombstone:undead_killed":18,"stat.drop":2,"stat.playOneMinute":53950,"stat.pickup.techguns.t1_miner_chestplate":1,"tombstone:villager_killed":1,"stat.pickup.minecraft.torch":1,"stat.pickup.minecraft.cactus":2,"stat.sneakTime":463,"stat.killEntity.techguns.ZombieFarmer":3,"stat.killEntity.Villager":1,"stat.damageDealt":1361,"stat.killEntity.Rabbit":7,"stat.killEntity.Zombie":3,"stat.timeSinceDeath":641,"stat.diveOneCm":2925,"stat.pickup.minecraft.wheat":2}