{"stat.leaveGame":3,"stat.drop.techguns.t1_miner_helmet":1,"stat.mineBlock.minecraft.cobblestone":1,"stat.entityKilledBy.techguns.ZombieMiner":4,"stat.entityKilledBy.techguns.ZombieFarmer":2,"stat.swimOneCm":1985,"stat.useItem.minecraft.dirt":13,"stat.useItem.minecraft.stone_slab2":9,"stat.pickup.minecraft.rotten_flesh":5,"stat.killEntity.artifacts.mimic":1,"stat.craftItem.minecraft.stone_axe":2,"stat.craftItem.minecraft.stone_pickaxe":1,"stat.pickup.minecraft.cobblestone":106,"stat.pickup.minecraft.wooden_hoe":2,"stat.flyOneCm":145787,"stat.killEntity.techguns.ZombieFarmer":14,"stat.pickup.minecraft.redstone":5,"stat.timeSinceDeath":13228,"stat.useItem.minecraft.sign":1,"stat.craftItem.minecraft.wooden_pickaxe":1,"stat.mineBlock.minecraft.coal_ore":20,"stat.killEntity.Creeper":1,"stat.pickup.minecraft.string":1,"stat.pickup.minecraft.beef":25,"stat.pickup.tombstone.crafting_ingredient":6,"stat.sprintOneCm":106832,"stat.craftItem.minecraft.stick":16,"stat.craftItem.minecraft.wooden_axe":1,"stat.pickup.tombstone.magic_scroll":1,"stat.mineBlock.minecraft.crafting_table":1,"stat.useItem.minecraft.beef":2,"stat.deaths":7,"stat.drop":2,"stat.playOneMinute":54177,"stat.pickup.techguns.t1_miner_helmet":3,"stat.killEntity.Zombie":6,"stat.mineBlock.minecraft.tallgrass":488,"stat.pickup.minecraft.wheat":29,"stat.craftItem.minecraft.sign":3,"stat.jump":972,"stat.useItem.minecraft.wooden_hoe":12,"stat.pickup.minecraft.coal":25,"stat.fallOneCm":24888,"stat.pickup.minecraft.iron_ingot":4,"stat.useItem.minecraft.stone_axe":87,"stat.pickup.minecraft.gunpowder":8,"stat.crouchOneCm":3850,"stat.craftItem.minecraft.torch":4,"stat.pickup.minecraft.dirt":62,"stat.craftingTableInteraction":6,"stat.pickup.minecraft.wooden_pickaxe":1,"stat.damageTaken":2649,"stat.pickup.minecraft.feather":5,"stat.pickup.minecraft.leather":12,"stat.mineBlock.minecraft.red_flower":2,"stat.mineBlock.minecraft.torch":1,"stat.killEntity.techguns.ZombieMiner":14,"stat.useItem.minecraft.wooden_pickaxe":12,"tombstone:undead_killed":35,"stat.pickup.minecraft.wheat_seeds":58,"stat.pickup.techguns.t1_miner_chestplate":2,"stat.useItem.minecraft.stone_pickaxe":127,"stat.damageDealt":8480,"stat.killEntity.Cow":11,"stat.mineBlock.minecraft.dirt":62,"stat.pickup.artifacts.obsidian_skull":1,"stat.drop.techguns.itemshared":1,"stat.pickup.techguns.itemshared":5,"stat.walkOneCm":169931,"stat.useItem.minecraft.torch":4,"stat.pickup.techguns.t1_miner_boots":3,"stat.useItem.minecraft.cobblestone":8,"stat.craftItem.minecraft.crafting_table":1,"stat.mineBlock.minecraft.double_plant":11,"stat.pickup.minecraft.iron_hoe":1,"stat.pickup.minecraft.log":14,"stat.useItem.tombstone.gift":1,"stat.pickup.minecraft.stone":5,"stat.pickup.minecraft.chicken":3,"stat.pickup.minecraft.sapling":1,"stat.pickup.minecraft.apple":3,"stat.killEntity.Skeleton":1,"stat.craftItem.minecraft.planks":36,"stat.killEntity.Chicken":3,"stat.killEntity.Spider":1,"stat.pickup.minecraft.bread":2,"stat.mobKills":53,"stat.mineBlock.minecraft.log":14,"stat.craftItem.minecraft.wooden_door":3,"stat.useItem.minecraft.wooden_door":1,"stat.mineBlock.minecraft.leaves":27,"stat.pickup.minecraft.torch":1,"stat.pickup.minecraft.red_flower":1,"stat.sneakTime":1120,"stat.useItem.minecraft.wooden_axe":31,"stat.pickup.minecraft.yellow_flower":1,"stat.mineBlock.minecraft.stone":110}