{"stat.walkOneCm":19590,"stat.playerKills":1,"stat.leaveGame":6,"stat.pickup.minecraft.arrow":1,"stat.killEntity.Creeper":3,"stat.useItem.minecraft.diamond_sword":3,"stat.jump":197,"stat.fallOneCm":3055,"stat.pickup.minecraft.iron_ingot":2,"stat.drop.minecraft.diamond_sword":1,"stat.pickup.minecraft.gunpowder":2,"stat.crouchOneCm":91,"stat.pickup.minecraft.tipped_arrow":1,"stat.pickup.minecraft.sapling":1,"stat.pickup.minecraft.dirt":1,"stat.sprintOneCm":18132,"stat.killEntity.Stray":2,"stat.pickup.minecraft.rotten_flesh":2,"stat.killEntity.Skeleton":1,"stat.pickup.techguns.grenadelauncher":1,"stat.damageTaken":301,"stat.killEntity.Spider":1,"stat.killEntity.techguns.ZombieMiner":3,"stat.mobKills":18,"stat.pickup.minecraft.cobblestone":1,"stat.drop.minecraft.tipped_arrow":1,"stat.flyOneCm":112079,"stat.deaths":1,"tombstone:undead_killed":9,"stat.drop":2,"stat.playOneMinute":25638,"stat.pickup.techguns.t1_miner_chestplate":1,"stat.sneakTime":100,"stat.killEntity.techguns.ZombieFarmer":1,"stat.damageDealt":329,"stat.killEntity.Rabbit":3,"stat.killEntity.Zombie":2,"stat.timeSinceDeath":21189}