{
  "tombstone:tutorial/root": {
    "criteria": {
      "auto": "2024-07-26 18:37:18 +0000"
    },
    "done": true
  },
  "tombstone:recipes/from_grave_key": {
    "criteria": {
      "has_ingredient": "2024-07-26 18:38:16 +0000"
    },
    "done": true
  },
  "minecraft:adventure/root": {
    "criteria": {
      "killed_by_something": "2024-07-25 19:00:02 +0000"
    },
    "done": true
  },
  "minecraft:adventure/adventuring_time": {
    "criteria": {
      "ice_flats": "2024-07-25 18:58:25 +0000",
      "frozen_river": "2024-07-25 19:00:01 +0000"
    },
    "done": false
  },
  "tombstone:tutorial/first_grave": {
    "criteria": {
      "coded_trigger": "2024-07-26 18:37:50 +0000"
    },
    "done": true
  }
}