{
  "tombstone:tutorial/root": {
    "criteria": {
      "auto": "2024-07-25 19:17:44 +0000"
    },
    "done": true
  },
  "minecraft:adventure/root": {
    "criteria": {
      "killed_something": "2024-07-25 18:58:19 +0000"
    },
    "done": true
  },
  "minecraft:adventure/kill_a_mob": {
    "criteria": {
      "zombie": "2024-07-25 18:58:19 +0000"
    },
    "done": true
  },
  "minecraft:adventure/kill_all_mobs": {
    "criteria": {
      "zombie": "2024-07-25 18:58:19 +0000"
    },
    "done": false
  },
  "minecraft:adventure/adventuring_time": {
    "criteria": {
      "ice_flats": "2024-07-25 18:57:19 +0000",
      "frozen_river": "2024-07-25 19:00:47 +0000",
      "cold_beach": "2024-07-25 19:01:40 +0000"
    },
    "done": false
  }
}